mfh07,floor_1,floor_2,ceiling_1,ceiling_2,external_wall_1,external_wall_2,internal_wall_1,internal_wall_2,roof_1,roof_2,column
Area (m²),4726,174,11500,1810,2000,920,2750,5998,1930,302,
Given U Values,0.52,,,,0.21,0.27,,,0.11,,
Calculated U Values,0.218936773,0.280306081,0.499433115,0.181743168,0.23255814,0.231884058,2.647482014,4.515337423,0.118697769,20,0.047619048
