mfh01,Floor 1 ,Floor 2,Floor 3,Floor 4,Ceiling 1,Ceiling 2,Ceiling 3,Ceiling 4,Ceiling 5,Ceiling 6,Ceiling 7,Ceiling 8,Ceiling 9,Ceiling 10,Ceiling 11,Ceiling 12,External wall 1,External wall 2,External wall 3,Internal wall 1,Internal wall 2,Internal wall 3,Internal wall 4,Roof 1,Roof 2,Roof 3,Roof 4
Area (m²),854.14,1623.2,687.6,39.2,726.7,558.4,173.6,337.5,452,101.8,2353.8,6969.2,77.2,930.6,1400.2,19.2,713.75,2030.97,1304.56,3043.52,1827.84,1874.43,3866.37,427.5,160.68,1518.22,1073.03
Given U Values,,,,,,,,,,,,,,,,,,,,,,,,,,,
Calculated_U_Values,1.657142857,1.372781065,1.89233279,2.610012006,0.205966797,0.199942545,0.203211679,0.179612903,0.229778805,0.226194345,0.572846371,0.52855407,0.445925167,0.364209996,0.345786963,0.308401276,0.235120405,0.237371224,0.177121771,5.144797284,2.420597632,2.756259362,6.941525195,0.352517434,0.134696097,0.1356094,0.058922559
